Mean HR,Minimum HR,Maximum HR,Mean SBP,Minimum SBP,Maximum SBP,Mean DBP,Minimum DBP,Maximum DBP,Mean MAP,Minimum MAP,Maximum MAP,Mean RR,Minimum RR,Maximum RR,Mean Temperature,Minimum Temperature,Maximum Temperature,Mean PO2,Minimum PO2,Mean PCO2,Minimum PCO2,Maximum PCO2,Mean FiO2,Minimum FiO2,Maximum FiO2,Mean Base Excess,Minimum Base Excess,Maximum Base Excess,Mean RBC,Maximum Hemoglobin,Mean RDW,Mean MCH,Mean MCV,Mean MCHC,Mean Platelet,Mean WBC,Mean Basophils,Minimum Basophils,Maximum Basophils,Mean Eosinophils,Minimum Eosinophils,Mean Lymphocytes,Mean Monocytes,Maximum Monocytes,Minimum Neutrophils,Mean Albumin,Minimum Albumin,Maximum Albumin,Mean AG,Mean BUN,Mean Calcium,Mean Chloride,Mean Sodium,Mean Potassium,Mean Glucose,Minimum Glucose,Mean Creatinine,Mean INR,Mean PTT,Minimum PTT
0.004409038,0.002322532,0.010652311,0.003997385,0.007199233,0.009076916,0.010177771,0.003732112,0.004523533,0.01148062,0.00188372,0.004184583,0.006861675,0.00618306,0.005506013,0.002893605,0.001028391,0.005227562,0.011436048,0.003220923,0.005343168,0.014918738,0.005696209,0.007886173,0.003833164,0.008448964,0.004279538,0.004044745,0.006049109,5.12E-05,0.003058426,0.000529293,6.12E-05,0.001895895,0.000347514,0.0015765,0.001647291,0.000260712,0.000293334,0.000145988,0.001031871,0.001286326,0.001731052,0.000915304,0.001459071,0.002142424,0.001010028,0.000979618,0.000839818,0.000688222,0.002335219,0.000483036,0.000415073,0.001013103,0.000765119,0.004608022,0.003069462,0.000403873,0.000296889,0.000872049,0.001855882
0.004267316,0.002363069,0.010519541,0.003987873,0.007198001,0.009509878,0.009827811,0.003565916,0.004625967,0.010632986,0.001755137,0.004263213,0.006946657,0.005852717,0.005999443,0.002853411,0.001012792,0.005243767,0.0110345,0.003314383,0.005392415,0.014694059,0.005900896,0.007980923,0.003916639,0.00844871,0.004131806,0.004113773,0.005877908,5.06E-05,0.002957536,0.000523333,5.35E-05,0.001759776,0.000330314,0.001590289,0.001722683,0.000251867,0.000284756,0.000140143,0.001020377,0.001237102,0.001862843,0.000902507,0.001489421,0.002048692,0.000987356,0.000963337,0.000825009,0.000693283,0.002210701,0.000459192,0.000427311,0.00099261,0.000754059,0.004671132,0.003285699,0.000389608,0.000290351,0.001040209,0.001699769
0.004334824,0.002289206,0.010434507,0.00399335,0.007323704,0.008995439,0.010361648,0.003656186,0.004683226,0.011391587,0.001817899,0.004093139,0.006874495,0.006159928,0.005790802,0.0028614,0.001007512,0.005171607,0.011540305,0.002824875,0.005207342,0.014657709,0.005719671,0.007990882,0.003643441,0.008271084,0.004384641,0.004059443,0.005875852,5.33E-05,0.002997418,0.00053266,6.04E-05,0.001770123,0.000353968,0.001597438,0.00159181,0.000263504,0.000296788,0.000149522,0.00106753,0.001298589,0.001898733,0.000915909,0.001471706,0.002191333,0.000998293,0.000972879,0.000815379,0.000733075,0.002264803,0.00046948,0.000466396,0.00099953,0.000760151,0.004804022,0.003277693,0.000387548,0.000292722,0.000999594,0.001597229
0.004501918,0.00249152,0.010099772,0.004043118,0.007246421,0.009245486,0.010364466,0.003803901,0.004468133,0.011929341,0.001910845,0.004120025,0.006723861,0.006094844,0.005630193,0.002905866,0.001016727,0.005329269,0.011755301,0.003301255,0.005482423,0.015295776,0.005823416,0.007818693,0.003755439,0.008308319,0.004188408,0.004069707,0.005770492,5.29E-05,0.003055668,0.000552495,6.10E-05,0.001840795,0.000348972,0.001587673,0.001876962,0.000260154,0.000292852,0.000147722,0.001051798,0.001313286,0.001759284,0.000891593,0.001452754,0.002172269,0.001005001,0.000977014,0.000824268,0.000704429,0.002373723,0.000481556,0.000456356,0.00099007,0.000767573,0.004706616,0.003137733,0.000393188,0.000298717,0.000922417,0.001572466
0.00420643,0.002250029,0.009875806,0.004209061,0.007411396,0.009625097,0.009935437,0.003515589,0.005018981,0.011321412,0.001812242,0.004343122,0.006639018,0.006207716,0.005764744,0.002957242,0.001028457,0.005424368,0.012139687,0.003327416,0.005614708,0.014577737,0.006014549,0.008066607,0.003702432,0.008555381,0.00432445,0.004027954,0.005634187,5.51E-05,0.003120068,0.000552508,5.73E-05,0.001758543,0.000347039,0.0016052,0.00177054,0.00026824,0.000301212,0.000152329,0.001042108,0.001308315,0.001906312,0.000857424,0.001504721,0.002271112,0.001022009,0.000999514,0.00085799,0.000735554,0.00238057,0.000484959,0.000475421,0.001002016,0.000788887,0.004791612,0.003137219,0.000409558,0.000307442,0.001019575,0.001917795
0.004303876,0.002309058,0.010639814,0.004187178,0.007406807,0.009747928,0.010626711,0.003690966,0.004590975,0.011653424,0.001796738,0.004134551,0.00699791,0.006081607,0.006270231,0.002859083,0.001012692,0.005233695,0.012230402,0.003304552,0.005456298,0.0150811,0.005953021,0.007938093,0.003840578,0.008054411,0.004407311,0.004053965,0.005948627,5.39E-05,0.003132358,0.00052781,5.85E-05,0.001799929,0.000344387,0.001612966,0.001858161,0.000261407,0.00029347,0.000146647,0.001030356,0.001250755,0.001979124,0.000932387,0.001526049,0.002261639,0.001006858,0.000990719,0.000828876,0.000692129,0.002248975,0.000480843,0.000463486,0.001013416,0.00076935,0.004574668,0.003043904,0.000403576,0.000293923,0.000923129,0.001657742
0.004393791,0.002225747,0.010719154,0.003968409,0.007362538,0.009566244,0.009912208,0.003790299,0.004713095,0.011274753,0.001885157,0.004154749,0.007404225,0.006477938,0.006010803,0.002929883,0.001023863,0.005305217,0.011536664,0.002681188,0.005236044,0.014379753,0.005878365,0.008139581,0.003868232,0.008505927,0.004309815,0.004021331,0.005675917,5.61E-05,0.003048281,0.000520165,5.86E-05,0.001787423,0.00033322,0.00158686,0.001786557,0.000269064,0.000301306,0.000152205,0.001002425,0.001264452,0.001761863,0.000875689,0.001436676,0.002179539,0.001021724,0.0009996,0.000842487,0.000797295,0.002203048,0.000485565,0.00045813,0.000978777,0.000776775,0.004667179,0.003185129,0.000400427,0.000301094,0.001026541,0.001899902
0.004377349,0.002408008,0.010483696,0.003810796,0.007352418,0.008918421,0.010361492,0.003700061,0.004398309,0.011553595,0.001837669,0.004057576,0.006873323,0.005869769,0.005961507,0.00288327,0.001008426,0.005315484,0.010982053,0.003448605,0.005331865,0.01463182,0.005761323,0.007928334,0.003690781,0.008118022,0.004343878,0.00412042,0.006128364,5.16E-05,0.002953209,0.000558752,5.31E-05,0.001816503,0.000329788,0.001533395,0.001844277,0.000259235,0.000291783,0.000145902,0.001023781,0.001253345,0.001920779,0.000853118,0.001431979,0.002376167,0.000988607,0.000968643,0.00080948,0.000750865,0.002155496,0.000468176,0.000444381,0.001058753,0.000754982,0.004908977,0.003313369,0.000387875,0.000296162,0.000935228,0.001743631
0.004321748,0.002280875,0.010745872,0.004160241,0.007096221,0.009539072,0.010431006,0.003599989,0.004479258,0.011378369,0.001808384,0.004163123,0.007334751,0.006004191,0.005998084,0.002879108,0.001014656,0.005267275,0.011201398,0.002813748,0.005363775,0.014705778,0.005850322,0.008139591,0.003725472,0.008304687,0.004307391,0.004062023,0.005854306,5.34E-05,0.002983614,0.000561728,5.82E-05,0.001775086,0.000335094,0.001553362,0.001805741,0.000264615,0.000299113,0.000149141,0.001052365,0.001316758,0.001759232,0.000974438,0.001525912,0.002299659,0.001023365,0.000990718,0.000834899,0.000767063,0.002433207,0.000478403,0.000456879,0.000986802,0.000784545,0.004626917,0.00317391,0.000409687,0.000300989,0.000937115,0.001813332
0.004266219,0.002306755,0.01079371,0.00388725,0.007191982,0.009540555,0.010623032,0.003861958,0.004610968,0.011796986,0.001937325,0.0044269,0.007011417,0.00601099,0.005946081,0.002851014,0.001016144,0.005216367,0.012187099,0.00305004,0.005285127,0.014534372,0.005690707,0.007969895,0.003793287,0.008306958,0.004260465,0.004180976,0.005658334,5.14E-05,0.00318622,0.000558492,5.73E-05,0.001765583,0.000340361,0.001514514,0.001875892,0.000252602,0.000286841,0.000139552,0.001030781,0.001233261,0.001736011,0.000916968,0.001526572,0.002161161,0.00099332,0.000977956,0.000832028,0.000735409,0.002234212,0.000461565,0.000432983,0.000952018,0.000757768,0.004677733,0.003064147,0.000378088,0.00028945,0.001021749,0.001607019
0.004400509,0.00223345,0.010477402,0.004141922,0.007029898,0.009819183,0.010462114,0.003550824,0.004858513,0.011683241,0.001720814,0.004441971,0.007045238,0.006039268,0.006272792,0.002945328,0.001028532,0.005398212,0.011506186,0.002799065,0.005540261,0.014603805,0.005794499,0.008376694,0.003883789,0.00850928,0.004219167,0.003976785,0.00590865,5.48E-05,0.003147339,0.000538983,6.18E-05,0.001796417,0.000345007,0.001578826,0.001810029,0.000269715,0.000302593,0.000152442,0.00102046,0.001262426,0.001959539,0.000873812,0.001459406,0.002310818,0.001040146,0.001004526,0.000862708,0.00076639,0.002317405,0.000491211,0.000477945,0.000997244,0.000779945,0.004792325,0.003289146,0.000412906,0.000297093,0.001137776,0.001767795
0.004615682,0.002432637,0.010786566,0.004133468,0.007205722,0.009541529,0.010817388,0.003607977,0.004587691,0.011925589,0.00188272,0.004312474,0.006860085,0.006142014,0.005671681,0.002855104,0.001014396,0.005169847,0.011367952,0.003069694,0.00533726,0.015162698,0.005629414,0.008150113,0.003474438,0.008427286,0.004212932,0.003970641,0.005730664,5.24E-05,0.003061968,0.00053283,5.70E-05,0.001831487,0.000337678,0.0014563,0.001769837,0.000263495,0.000296836,0.000148059,0.001077871,0.001298775,0.001909007,0.000878565,0.001479089,0.002213677,0.001012286,0.000995284,0.000827115,0.000723872,0.002382884,0.000468891,0.000411061,0.000978669,0.000769607,0.004688372,0.00328419,0.000408576,0.000294157,0.000869192,0.001638254
0.004323778,0.002444325,0.010364008,0.003883956,0.007247854,0.00968109,0.010064029,0.003556171,0.004646631,0.010816622,0.00178135,0.004487813,0.00666298,0.00576805,0.005882904,0.002875572,0.001020259,0.005285573,0.011368435,0.003251442,0.005138001,0.014933396,0.00548543,0.007930825,0.003831714,0.008380464,0.004252891,0.004155527,0.005778548,5.00E-05,0.002984962,0.0005543,5.83E-05,0.00179314,0.000322475,0.001577586,0.001804606,0.000254003,0.000288323,0.000140054,0.001056174,0.001296787,0.001701396,0.000948772,0.001556457,0.002168938,0.00098577,0.000974401,0.000821237,0.000711442,0.002328188,0.000465143,0.000435875,0.001021767,0.000766401,0.00482103,0.003207421,0.000394554,0.000290784,0.000957559,0.00186869
0.004503763,0.00222505,0.01057207,0.004186686,0.007561856,0.009995695,0.010752246,0.003698383,0.004833069,0.012074723,0.001863441,0.004433491,0.006792272,0.005967682,0.00586991,0.002889194,0.001029164,0.005300004,0.012125861,0.003302434,0.005289274,0.01508311,0.005783815,0.007964138,0.003734642,0.008320808,0.004469271,0.004259236,0.006223551,5.32E-05,0.003139781,0.000550064,5.85E-05,0.00189598,0.0003352,0.001550753,0.001741274,0.000261077,0.000293661,0.000147323,0.001004053,0.001221408,0.001787936,0.000917296,0.00161632,0.00220242,0.000990765,0.00096096,0.000819615,0.000751101,0.002404282,0.000477534,0.000463693,0.001001033,0.000766314,0.004725628,0.003174372,0.000418126,0.000303508,0.000988687,0.001800204
0.0045916,0.002425265,0.010602643,0.004095612,0.007356768,0.009219667,0.010536384,0.003795455,0.004543734,0.011862406,0.001880197,0.004229597,0.007013749,0.006148399,0.006152399,0.002912813,0.001030627,0.00529173,0.012004057,0.002833622,0.00543707,0.015103419,0.005699571,0.0079741,0.003921052,0.008431619,0.004416368,0.004137388,0.005875965,5.36E-05,0.003127485,0.000529342,5.88E-05,0.001714935,0.000353314,0.001595873,0.001733719,0.000265061,0.000298615,0.000150316,0.00106779,0.001264843,0.001942758,0.000899588,0.001520501,0.002298948,0.001013575,0.000988784,0.000847474,0.000748091,0.002366257,0.000481348,0.000448995,0.000992898,0.000778574,0.004530021,0.003041474,0.000406051,0.00029739,0.000958301,0.001676826
0.004259181,0.002427934,0.010524998,0.004011744,0.00731135,0.00959815,0.010345578,0.003570289,0.004761632,0.011483454,0.001808874,0.00408024,0.007072183,0.006051824,0.00621555,0.002924069,0.001035916,0.005304653,0.011612425,0.003104794,0.005490215,0.014882558,0.005664597,0.007975586,0.003703722,0.008463686,0.004231973,0.00412138,0.005968424,5.24E-05,0.002962578,0.000581033,6.03E-05,0.001862501,0.000341385,0.001607184,0.001737504,0.000262667,0.000296666,0.000149225,0.001054295,0.001295047,0.001878489,0.000908063,0.001496027,0.002256423,0.001014419,0.000994466,0.000839818,0.000722747,0.002358288,0.000482362,0.000473307,0.001075924,0.000780507,0.004772703,0.00319511,0.000399884,0.000295645,0.000987593,0.001801365
0.00470615,0.002288105,0.010480124,0.004065911,0.007342333,0.009376285,0.010412898,0.003607513,0.00453892,0.01122475,0.001849768,0.004126495,0.007214754,0.005957799,0.006197859,0.002965412,0.001053534,0.005457537,0.011226309,0.002968003,0.005531377,0.01478875,0.005995031,0.00825743,0.003686833,0.008480696,0.004153384,0.004005969,0.005820159,5.52E-05,0.003200965,0.000540373,5.70E-05,0.001859021,0.000351931,0.001567295,0.001829988,0.00027,0.000303474,0.000154379,0.001064755,0.001294062,0.001728846,0.000860381,0.00141304,0.002294012,0.001039412,0.001022354,0.000863586,0.000751541,0.002272881,0.000488664,0.000489514,0.000984129,0.000788453,0.004721915,0.00323819,0.00040205,0.000302056,0.001020026,0.001776868
0.004298663,0.002321091,0.010686991,0.00399476,0.006816005,0.009019811,0.010348365,0.00367037,0.004410661,0.011827216,0.001766427,0.004188099,0.006611383,0.005875783,0.005801277,0.002863511,0.00101037,0.005271283,0.011554999,0.003316112,0.005192813,0.015073913,0.005676399,0.007780546,0.003855299,0.008289396,0.004211658,0.004006677,0.005805849,5.32E-05,0.003105696,0.000566856,6.21E-05,0.001903127,0.000331512,0.001656004,0.001670064,0.000259107,0.000291934,0.000146376,0.001018494,0.001242026,0.00162581,0.000843701,0.001379527,0.002088928,0.000990358,0.000969088,0.000816927,0.000740142,0.002426261,0.000469214,0.000455863,0.001009104,0.000777648,0.00456721,0.003115217,0.000411473,0.000292739,0.000953657,0.001851043
0.004568497,0.002498052,0.010782912,0.004150818,0.007486854,0.009566126,0.010828586,0.003533245,0.00470759,0.011882743,0.001868906,0.004029407,0.006528436,0.00607537,0.005763846,0.002928627,0.001035252,0.005353448,0.012015043,0.003077621,0.00529424,0.013990057,0.005621474,0.007995308,0.003881864,0.008493593,0.004109846,0.003905222,0.005688017,5.43E-05,0.003212402,0.000543711,6.04E-05,0.001805178,0.000350055,0.001611664,0.001727618,0.000264778,0.000299021,0.000149447,0.001062636,0.001263582,0.001738255,0.000876868,0.001429442,0.002301917,0.001021708,0.00099898,0.000841322,0.000736176,0.002492466,0.00047779,0.000480462,0.001059417,0.00077792,0.00490484,0.003347979,0.000404583,0.000294737,0.001044643,0.001845026
0.004389389,0.002285493,0.009853255,0.004049577,0.007018477,0.009797416,0.010272426,0.003683507,0.004980939,0.011780379,0.00178271,0.004288357,0.007194946,0.006318969,0.006156005,0.002921519,0.001023784,0.005317325,0.01187162,0.003514402,0.005545579,0.014851291,0.005938716,0.008111503,0.00387485,0.008330012,0.004502301,0.004189883,0.006050663,5.51E-05,0.003269574,0.000500887,6.19E-05,0.001832124,0.000346965,0.001688988,0.001800346,0.000267876,0.000300804,0.000151294,0.00108114,0.001317267,0.001889587,0.000857318,0.001418755,0.00238233,0.001033511,0.001008023,0.000848135,0.000757782,0.002431992,0.000488823,0.000469392,0.000993894,0.00077038,0.00468536,0.003174376,0.000394358,0.000302082,0.001038634,0.001860775
0.004433977,0.002310315,0.010029073,0.003985156,0.007375518,0.009245247,0.010073198,0.003586069,0.004551587,0.011253383,0.001803042,0.003938935,0.007189002,0.006061796,0.006068224,0.002926228,0.001040923,0.005332788,0.011294095,0.002725893,0.005409668,0.014831303,0.005723319,0.008068821,0.003548493,0.008221324,0.004351258,0.00408102,0.005912318,5.31E-05,0.003188855,0.000531371,6.18E-05,0.001863667,0.0003482,0.001681708,0.001738002,0.00026764,0.000298968,0.000151543,0.001059114,0.001304976,0.001891365,0.000898287,0.001543786,0.002223468,0.001021986,0.001005953,0.00084475,0.000739259,0.0023942,0.000484915,0.000443868,0.000987065,0.000773635,0.004615669,0.003151216,0.000403913,0.000304946,0.000943187,0.001761342
0.0045151,0.002419528,0.010846818,0.004031475,0.007107045,0.009328868,0.010286779,0.003669691,0.0045906,0.011329464,0.001783933,0.004146064,0.007327433,0.006031438,0.006122403,0.002911533,0.001011182,0.005377309,0.01139949,0.003050494,0.00512345,0.014288989,0.005589476,0.007873211,0.003617733,0.008307135,0.004344737,0.004083302,0.005866308,5.27E-05,0.003158407,0.000539336,5.69E-05,0.001788254,0.000349757,0.001622847,0.00180195,0.000260415,0.000294019,0.000146877,0.001021673,0.001245791,0.001733865,0.000920601,0.001490856,0.002316872,0.000996669,0.000965959,0.000822333,0.000725651,0.002274877,0.000478193,0.000451787,0.000970934,0.000763699,0.004641422,0.003274404,0.000390259,0.000296318,0.001039363,0.001804982
0.004510227,0.002370699,0.010403134,0.004100851,0.007460631,0.009233384,0.01039117,0.003679959,0.004788303,0.011670747,0.001825871,0.004247651,0.007021755,0.006161641,0.00562899,0.002904574,0.001040229,0.005275887,0.011558795,0.002951557,0.005547317,0.015342493,0.005909283,0.008173465,0.003903117,0.008569033,0.004482168,0.00422039,0.006208599,5.50E-05,0.003204489,0.000531987,6.18E-05,0.001884624,0.000347621,0.001559946,0.001721042,0.000267429,0.000301016,0.000149638,0.001047459,0.001287068,0.001805897,0.00094868,0.00155111,0.002285186,0.001033162,0.001007094,0.000856312,0.000776362,0.002378164,0.000496836,0.000475944,0.001009936,0.000788093,0.004889888,0.003203482,0.000405933,0.000297972,0.00090517,0.001893299
0.004364872,0.002351843,0.009854086,0.004075685,0.007098239,0.009295574,0.010332111,0.003633886,0.004452417,0.011755141,0.001816706,0.004085599,0.006574442,0.005811452,0.005507674,0.002803176,0.000979888,0.005223602,0.011702048,0.003022774,0.005072654,0.015138146,0.005511956,0.007886383,0.003771654,0.00812948,0.004343551,0.004169938,0.005849123,5.15E-05,0.002967551,0.000537849,5.64E-05,0.001751607,0.000325651,0.001606477,0.001808729,0.00025546,0.000288136,0.000143182,0.000994952,0.001234465,0.001708989,0.000845528,0.001413224,0.002180921,0.001001454,0.000981252,0.000827107,0.000700573,0.002169719,0.000460606,0.000448815,0.000957372,0.000747225,0.004647595,0.00311796,0.000381512,0.000292959,0.000886597,0.001757874
0.004399394,0.002456175,0.010140764,0.004032507,0.007096071,0.009691138,0.010163181,0.003510079,0.004601182,0.011624476,0.001775044,0.00421311,0.006875525,0.005911036,0.005953888,0.002847752,0.001000595,0.005212989,0.011411421,0.002812626,0.005342053,0.015548857,0.005746059,0.008064239,0.003738253,0.008336627,0.004317325,0.004071313,0.0059457,5.09E-05,0.003004961,0.000544344,5.94E-05,0.001902665,0.000342866,0.001454757,0.001763046,0.000261993,0.000295669,0.000147224,0.001032862,0.001282957,0.001721821,0.000857832,0.001445478,0.002183404,0.001019428,0.000992975,0.000836279,0.000770267,0.002358263,0.000492223,0.000432271,0.001027598,0.000780907,0.00466478,0.00345177,0.00041203,0.000299509,0.000917695,0.001736356
0.004332384,0.002325294,0.010445547,0.003988619,0.007100623,0.009338204,0.010398805,0.00366527,0.00461762,0.01204091,0.001934154,0.004351424,0.006843143,0.005981595,0.00575552,0.002923447,0.001035373,0.005309933,0.012027476,0.002967538,0.005421311,0.014582266,0.005882121,0.008068257,0.003688096,0.008454161,0.004123235,0.003927077,0.005821517,5.55E-05,0.003114566,0.000540754,5.69E-05,0.001860892,0.000341677,0.0016036,0.001720209,0.000265053,0.000297977,0.000150791,0.001088518,0.001302852,0.001758143,0.000925513,0.00148649,0.002129098,0.001031098,0.000996413,0.000838742,0.000738937,0.002282655,0.000486264,0.000453042,0.000993492,0.000766835,0.004539751,0.003217419,0.000397865,0.00030005,0.000998145,0.001800571
0.004436624,0.002649827,0.010296259,0.003998685,0.007161188,0.009483035,0.010947132,0.003697461,0.004701228,0.012138689,0.001947796,0.004106697,0.006842726,0.006196326,0.005790647,0.002918224,0.00103333,0.005286741,0.011462514,0.002956627,0.00568973,0.015164897,0.0060433,0.008116099,0.003770421,0.008535511,0.004354761,0.004102261,0.006122749,5.31E-05,0.003012585,0.000562852,5.89E-05,0.001921598,0.000347861,0.001638578,0.001750699,0.000267359,0.000299775,0.000149786,0.001037963,0.001289216,0.001763883,0.000952253,0.001585827,0.002258984,0.001031806,0.001004279,0.000839306,0.000710545,0.002394132,0.000492639,0.000467235,0.001008705,0.000778597,0.0047133,0.003341704,0.000396069,0.00029708,0.001040822,0.001682642
0.004686896,0.002573897,0.010886229,0.004237007,0.00766967,0.009483028,0.010478465,0.003715583,0.004488577,0.011837246,0.001905237,0.004114963,0.006768176,0.006124506,0.00587786,0.002908323,0.001009482,0.005314599,0.011877683,0.003118012,0.005490288,0.015642475,0.005850339,0.007992061,0.004016379,0.008417872,0.004251559,0.004195324,0.00610602,5.37E-05,0.003075985,0.000560415,5.80E-05,0.001890617,0.000341817,0.001554104,0.001719825,0.000260482,0.000296923,0.000145798,0.001012834,0.001257929,0.001866352,0.00094539,0.001528517,0.00216077,0.001024786,0.001000198,0.000840863,0.000754226,0.002335084,0.000485857,0.000447848,0.001001381,0.000777819,0.004654329,0.002939694,0.000401517,0.000292755,0.001015985,0.001795708
0.004440844,0.002320313,0.010737161,0.004288358,0.00714942,0.009781608,0.011034155,0.003729652,0.004922689,0.012354409,0.001743769,0.004383869,0.00721583,0.005945307,0.006260676,0.00298751,0.001054991,0.005371837,0.012109142,0.003102774,0.005398711,0.015295788,0.005817861,0.008443197,0.003871564,0.008634821,0.004515868,0.004151433,0.005949597,5.71E-05,0.003258137,0.000528312,5.91E-05,0.001740451,0.000351911,0.001591674,0.001796799,0.000276861,0.000310314,0.000157925,0.001049208,0.001310482,0.001923978,0.000926793,0.001585941,0.002491575,0.001035568,0.001003545,0.000855788,0.000790889,0.002349311,0.000498708,0.000485486,0.000975811,0.000807612,0.00475667,0.003234434,0.000411771,0.000304593,0.001031098,0.001829999
0.00439353,0.002437619,0.010175011,0.004050836,0.007215173,0.009092977,0.010244358,0.003536617,0.004627125,0.011566596,0.001837035,0.003961526,0.006744046,0.005876023,0.005549509,0.00285703,0.001006443,0.005241642,0.011489077,0.003103155,0.005397995,0.014800042,0.005633393,0.007726503,0.003654837,0.008060848,0.004110428,0.003824626,0.005458218,5.45E-05,0.003100977,0.000529813,5.74E-05,0.001709795,0.000334178,0.001546251,0.001806518,0.000260564,0.000293609,0.000145756,0.000992201,0.00123995,0.001647799,0.000835226,0.001365755,0.002206315,0.000992001,0.000965198,0.000825806,0.000685957,0.002167651,0.000468228,0.00045776,0.001008654,0.000755774,0.004596773,0.002994104,0.000397186,0.000292286,0.000990019,0.001872635
0.004402433,0.002220736,0.01021759,0.004043876,0.006955504,0.009515555,0.010126187,0.003545183,0.004708806,0.011321749,0.00170308,0.004271827,0.006693937,0.005813703,0.00592749,0.002879241,0.000997322,0.005259269,0.011578755,0.003206554,0.005209364,0.014314276,0.005569433,0.007810785,0.00372159,0.008308779,0.004344836,0.00395795,0.005626801,5.43E-05,0.002886562,0.000560777,5.58E-05,0.001849363,0.000334933,0.001636968,0.001792661,0.000264799,0.000297789,0.000151086,0.00106498,0.001309001,0.001702499,0.000878372,0.001466783,0.002246541,0.000999256,0.000969948,0.000826158,0.000784997,0.002307993,0.000475711,0.000488093,0.000968362,0.000778387,0.004460047,0.003074306,0.000407937,0.000297583,0.001062537,0.00188296
0.004129922,0.002283122,0.010006899,0.003996772,0.007073188,0.009279219,0.009796877,0.003482522,0.004672324,0.011190181,0.001748622,0.004283117,0.006830988,0.005963866,0.00606814,0.00285496,0.000992556,0.005250864,0.011316355,0.002913164,0.005261147,0.014340838,0.00558042,0.007920759,0.0037018,0.008204505,0.004128258,0.003776902,0.005847112,5.17E-05,0.002853715,0.00056765,5.74E-05,0.001840934,0.000333172,0.001544425,0.001912979,0.000258543,0.000291111,0.000146417,0.001025316,0.001241622,0.001917029,0.00089202,0.00148322,0.002162251,0.001006496,0.000972145,0.000823824,0.000735849,0.002302195,0.000476462,0.000436904,0.000983751,0.000758913,0.004521372,0.003215617,0.000395733,0.000293983,0.001052307,0.001708941
0.004386327,0.002348635,0.010128947,0.00405235,0.007284749,0.009217866,0.010046844,0.003698805,0.004488372,0.011507628,0.001796731,0.004110187,0.006977891,0.005876809,0.006076978,0.002904865,0.001024079,0.005309121,0.011794598,0.002983352,0.005312971,0.014600292,0.005686223,0.007975447,0.003795358,0.008419269,0.004136202,0.003909063,0.005553739,5.18E-05,0.003036913,0.000543599,5.91E-05,0.001776312,0.000331538,0.001584179,0.001808889,0.000257572,0.000290764,0.000143913,0.0009954,0.001236831,0.001683632,0.000874821,0.00140653,0.002139013,0.001000413,0.000974561,0.000828974,0.00074081,0.002207919,0.000471398,0.000451867,0.000990937,0.000773101,0.004790038,0.003250596,0.00039487,0.000289764,0.000980581,0.001591898
0.004411922,0.00228566,0.010644804,0.004170355,0.00776345,0.009585589,0.010267945,0.003839135,0.004530068,0.011908642,0.001818588,0.004282549,0.006888244,0.006014674,0.005989312,0.002903534,0.001017312,0.005302699,0.01201576,0.002984232,0.005379751,0.014437967,0.005700183,0.007985522,0.003633848,0.008266656,0.004209523,0.003964245,0.005866823,5.38E-05,0.003182105,0.000554624,5.53E-05,0.00180299,0.000337807,0.001740232,0.001849252,0.000266782,0.000300852,0.000150891,0.001012403,0.001247423,0.001719967,0.000921967,0.001509601,0.002347728,0.001017177,0.000983405,0.000841516,0.000762407,0.002346892,0.000480705,0.000467656,0.001002831,0.000791802,0.004631418,0.003178884,0.000414366,0.000301787,0.000921153,0.001690814
0.004299436,0.002430825,0.009958589,0.00390932,0.007265419,0.009066841,0.010758921,0.003602355,0.004397578,0.011693492,0.001741107,0.00392872,0.007431617,0.006098536,0.006243037,0.002895918,0.001026002,0.005360517,0.011527382,0.003220639,0.005445547,0.015193088,0.005678046,0.00794878,0.003713974,0.008149152,0.004542237,0.004265917,0.005952053,5.34E-05,0.003144433,0.000534239,5.70E-05,0.001792715,0.000348564,0.001553507,0.001698967,0.000257146,0.000291265,0.000145183,0.001047587,0.001251444,0.001785431,0.000844678,0.001369939,0.002238793,0.001003722,0.000986687,0.000830718,0.000694233,0.002230304,0.000471782,0.000457376,0.000974237,0.000758067,0.004365497,0.003088429,0.000389801,0.000293517,0.00093708,0.001710284
0.004471152,0.002401714,0.010447662,0.00405608,0.007389995,0.00898743,0.010101437,0.003426885,0.0045024,0.011290104,0.001826844,0.004077148,0.00685479,0.005881427,0.005774402,0.002829662,0.000987327,0.005137828,0.011318844,0.002946076,0.005310186,0.014219854,0.00554822,0.007770547,0.003674906,0.007983941,0.004080385,0.003974362,0.005692418,5.38E-05,0.003211679,0.000529665,6.27E-05,0.001926053,0.000351273,0.00152142,0.001966039,0.000258642,0.000289991,0.000146685,0.001023744,0.001254436,0.001683765,0.000879279,0.001463322,0.002140212,0.000980903,0.000952623,0.000811888,0.000712041,0.00247231,0.0004739,0.000466622,0.001007599,0.000762895,0.004635076,0.003175278,0.0003924,0.000290372,0.000805794,0.001822418
0.004469852,0.002267946,0.010683971,0.003947893,0.007085664,0.00934268,0.010481494,0.003792297,0.004543733,0.011242777,0.001772325,0.004228673,0.007427417,0.006252582,0.006183188,0.00289335,0.001033599,0.005217194,0.011622302,0.003167174,0.005030483,0.014355664,0.005438995,0.008176604,0.003920782,0.008404549,0.004439444,0.004059038,0.005999066,5.38E-05,0.003001278,0.000552193,6.02E-05,0.001833035,0.00033687,0.001502766,0.001846283,0.000266038,0.000298958,0.000151422,0.001011734,0.001259505,0.001754805,0.000854908,0.001414013,0.002162797,0.000998576,0.000974025,0.000828552,0.000738444,0.002151204,0.000480472,0.000477845,0.001045203,0.000768877,0.00487917,0.003186725,0.000392517,0.000304727,0.001036712,0.001752876
0.004238701,0.002426764,0.010112251,0.00411615,0.007478686,0.009636684,0.0105035,0.003823259,0.004590357,0.012011504,0.001990847,0.004221994,0.007186142,0.006149996,0.005829189,0.002885394,0.001028157,0.005292665,0.01121314,0.002725702,0.005330227,0.014876546,0.005737165,0.007964002,0.003403041,0.008324464,0.004436669,0.004223892,0.006159164,5.45E-05,0.003067662,0.000546593,5.46E-05,0.001792778,0.000339986,0.001595576,0.001829435,0.000266944,0.000300984,0.000151099,0.001064689,0.001308132,0.001844452,0.0009409,0.001559835,0.002258479,0.001015008,0.000995014,0.000827991,0.000756955,0.002273817,0.00047988,0.00045396,0.001021085,0.000781976,0.004632017,0.003183661,0.000395119,0.000298521,0.000966247,0.001850167
0.00447484,0.002308566,0.010713788,0.004099558,0.007243849,0.009671553,0.01038035,0.003803326,0.004892833,0.011891181,0.00189061,0.00436318,0.007322643,0.006335666,0.006139979,0.002935457,0.001045628,0.005372695,0.011896022,0.002951783,0.005836239,0.015069297,0.00625295,0.008157736,0.003943098,0.00832817,0.004438817,0.00421751,0.006055522,5.59E-05,0.003123039,0.000555685,6.26E-05,0.001899191,0.000330681,0.001497734,0.001794762,0.00027167,0.000305234,0.000154093,0.001046705,0.001279773,0.00183782,0.000909723,0.001581008,0.002423046,0.001044022,0.001006619,0.000867806,0.000765186,0.002393217,0.00050209,0.000490606,0.00108424,0.000793011,0.00467213,0.003300163,0.000418329,0.000314635,0.001025381,0.001968713
0.004688634,0.002513582,0.010839168,0.003943359,0.007540967,0.00926234,0.010241799,0.003512408,0.004715054,0.01135283,0.001844574,0.004084791,0.007298314,0.006086373,0.006145867,0.002938618,0.001012667,0.005425639,0.011418607,0.002618161,0.005283095,0.014494251,0.005702366,0.008199348,0.003583974,0.008594891,0.004267863,0.004007195,0.005708893,5.31E-05,0.003087235,0.000543224,6.23E-05,0.001940173,0.000342634,0.001635022,0.001828956,0.000266561,0.000299501,0.000150607,0.001011709,0.001262932,0.001870739,0.000929877,0.001582075,0.002255933,0.001017574,0.000995495,0.000834734,0.000724125,0.00236902,0.000479579,0.000470407,0.001062174,0.000787783,0.004588166,0.003377433,0.000408941,0.000303967,0.000888092,0.001897905
0.004496072,0.002403759,0.010595633,0.004184315,0.007062801,0.009499231,0.010425064,0.003590844,0.004605356,0.011989356,0.001900352,0.004187453,0.006929616,0.006010647,0.005886865,0.002948818,0.001033947,0.005390702,0.011157453,0.002848035,0.005190782,0.014534937,0.005606633,0.008184844,0.003569744,0.008466436,0.004339138,0.004063435,0.006035928,5.51E-05,0.003069687,0.000542447,5.75E-05,0.0017699,0.000343245,0.001506841,0.001754176,0.000270871,0.000302511,0.000154277,0.001041999,0.001263554,0.001760176,0.000870165,0.001408091,0.002297598,0.001020984,0.000987355,0.000847679,0.000755816,0.002299338,0.000485995,0.000459133,0.000977886,0.000778762,0.004681691,0.003277287,0.00039586,0.000304148,0.001016101,0.00174959
0.004357258,0.002355833,0.010556373,0.003865175,0.00691131,0.009118783,0.010419218,0.003684339,0.00464233,0.011231647,0.001748328,0.004160052,0.00701026,0.006273746,0.005874412,0.002894766,0.001021367,0.005233614,0.011354731,0.00299411,0.005486597,0.014743182,0.005739552,0.007872604,0.00376981,0.008392833,0.004299727,0.004120777,0.005950374,5.32E-05,0.003140545,0.000533266,5.63E-05,0.001727867,0.000333291,0.001629143,0.001861892,0.000260453,0.000292017,0.000146346,0.00101473,0.001261746,0.001948922,0.00088137,0.00150165,0.002174379,0.001012578,0.000981916,0.000839878,0.00074824,0.002362266,0.000476942,0.000439302,0.001000236,0.000772944,0.004812977,0.003146955,0.000410733,0.000298955,0.000881938,0.0018762
0.004209923,0.002275577,0.00996213,0.004084768,0.007418193,0.009551487,0.010550788,0.003684914,0.004608144,0.011713792,0.001942503,0.004122604,0.006902919,0.006085321,0.005884318,0.002935521,0.001053901,0.005336847,0.011524218,0.00302844,0.005561009,0.015059595,0.005931689,0.008102293,0.003699475,0.00852561,0.004481361,0.004088926,0.006097182,5.39E-05,0.003107104,0.000531831,5.56E-05,0.001830312,0.000329374,0.001561609,0.001829632,0.000269708,0.000302748,0.000151743,0.00105576,0.001296507,0.00181599,0.00089791,0.00151884,0.002226029,0.001019956,0.000997219,0.000847933,0.000756853,0.002330261,0.00049178,0.000465893,0.001053067,0.000788337,0.004557494,0.003075988,0.000406669,0.000307041,0.001042805,0.001927039
0.004494873,0.002364484,0.010483278,0.004333752,0.007505905,0.009811931,0.011147415,0.003702379,0.004752754,0.012265342,0.001850918,0.004145565,0.006945003,0.006511466,0.0056681,0.002904283,0.001030802,0.005248161,0.012236417,0.003383194,0.005554738,0.014317617,0.006042697,0.008153917,0.003795481,0.008459441,0.004258082,0.003973021,0.005955311,5.60E-05,0.003250325,0.000541248,6.01E-05,0.00181611,0.000355127,0.001570464,0.001759683,0.000268403,0.000303102,0.000151887,0.00104236,0.001308663,0.001781567,0.000937201,0.00151436,0.002285311,0.001024352,0.000994281,0.000854797,0.000761986,0.00238964,0.000481818,0.000510846,0.001060744,0.000772718,0.004578023,0.003269798,0.000394768,0.000309268,0.000941586,0.001938911
0.004270505,0.002362378,0.01046824,0.004198334,0.007431138,0.009497808,0.010987806,0.003699618,0.004816325,0.012143627,0.001915576,0.004243045,0.007192548,0.005948386,0.006007151,0.002915273,0.001030795,0.005339374,0.011886416,0.002691701,0.005638862,0.015682272,0.00602228,0.008265859,0.003795979,0.00868994,0.004317458,0.004165807,0.006099419,5.40E-05,0.00309848,0.000553365,6.00E-05,0.001843168,0.0003304,0.001501242,0.001989327,0.000265736,0.000297981,0.000149761,0.001041078,0.001275397,0.001917892,0.000963455,0.001592883,0.002405939,0.001010331,0.000985044,0.000836015,0.000726649,0.002233247,0.000476186,0.000475236,0.001075554,0.000778333,0.004839847,0.003154774,0.000408728,0.000296359,0.000968756,0.001586385
0.004506301,0.002397804,0.010383532,0.004045338,0.007438342,0.009461941,0.010696736,0.003769062,0.004877792,0.011718673,0.001932131,0.004181986,0.007096683,0.005968693,0.006321709,0.002894889,0.001022041,0.005235958,0.012308481,0.002859747,0.005211658,0.014734091,0.005606719,0.008109252,0.003828649,0.008410316,0.004313483,0.004123318,0.005923143,5.44E-05,0.003178468,0.000548472,5.90E-05,0.001732714,0.000358791,0.001562146,0.001733934,0.00026974,0.000301315,0.000152851,0.001090381,0.001313966,0.002071896,0.00096283,0.00152373,0.002437413,0.001021858,0.001003041,0.000839151,0.000778149,0.002447349,0.000480845,0.000467538,0.000992605,0.000771781,0.00486175,0.003177541,0.000406565,0.000302736,0.001070885,0.001893777
0.004366856,0.002446901,0.010586145,0.003943808,0.007003542,0.009429986,0.009954336,0.003369014,0.004501487,0.010773154,0.001714358,0.004061718,0.007215325,0.005843487,0.00613203,0.00290123,0.001025664,0.005407526,0.011426837,0.003029453,0.00519564,0.015035607,0.005585415,0.007697997,0.003596556,0.008156337,0.00406599,0.003871077,0.005637522,5.34E-05,0.003107419,0.000543972,5.90E-05,0.001804887,0.000331337,0.001502896,0.001691792,0.000260994,0.000295035,0.000147626,0.001058163,0.001270399,0.001765434,0.00089265,0.001462564,0.002158859,0.000996099,0.00097192,0.0008324,0.00070548,0.002374932,0.000481313,0.000462509,0.001021075,0.000776092,0.004565353,0.003165271,0.000403155,0.000299095,0.000979313,0.001658454
0.004437931,0.002387272,0.010530217,0.004054749,0.007193734,0.009653027,0.01027669,0.003610351,0.004594773,0.011191877,0.001813317,0.004082507,0.007090607,0.005894311,0.005844398,0.002901405,0.001030302,0.005265422,0.011403021,0.003054657,0.005447311,0.015226036,0.005787572,0.007932944,0.003725409,0.00826913,0.004285106,0.00410458,0.005754107,5.40E-05,0.003050678,0.000549259,5.87E-05,0.001814912,0.000339983,0.00159579,0.001779497,0.000266109,0.000300842,0.000150212,0.001084637,0.001308602,0.001896616,0.000913595,0.001479858,0.002333667,0.001016397,0.000992755,0.000832252,0.000775649,0.002253973,0.000478447,0.000471946,0.000986818,0.000776854,0.004372214,0.003086936,0.000390094,0.000292741,0.001042152,0.001699427
0.004508025,0.002309568,0.010610118,0.004173816,0.007442079,0.009399685,0.010521474,0.003813499,0.004374684,0.012185195,0.001944278,0.003925718,0.007059036,0.006120565,0.006084202,0.002917624,0.001025649,0.005326057,0.011716091,0.002998882,0.005481683,0.015338219,0.00595561,0.008095582,0.00378684,0.00846283,0.004159635,0.004006734,0.005933489,5.40E-05,0.003209985,0.00053307,5.84E-05,0.00188193,0.000338837,0.001590722,0.001774155,0.000264686,0.000300044,0.000147689,0.001030529,0.0012734,0.001758231,0.000865833,0.001462747,0.002311292,0.001014314,0.000994144,0.000847088,0.0007465,0.002197148,0.000477239,0.000452477,0.000985461,0.000766177,0.004670857,0.003141796,0.000386439,0.000304755,0.001028059,0.001705837
0.004612018,0.002479748,0.010729689,0.004120006,0.007473005,0.009927145,0.010373329,0.003640264,0.004956998,0.011675674,0.001881903,0.00421425,0.007395218,0.006176984,0.006393108,0.002939781,0.001044126,0.005369874,0.011547339,0.003359669,0.005601489,0.01546713,0.005824168,0.008022909,0.00357094,0.008375513,0.00444027,0.004179788,0.005861562,5.44E-05,0.003027456,0.000548988,5.27E-05,0.001831707,0.000331985,0.001526219,0.001759706,0.000266145,0.000301093,0.000150188,0.001037424,0.001262443,0.001733649,0.000907017,0.00148207,0.002265352,0.001016334,0.000991712,0.000836476,0.000747912,0.002325399,0.000485982,0.000449093,0.000985419,0.000777506,0.004532419,0.003155028,0.000416398,0.000298245,0.000967943,0.001738812
0.004334949,0.002311105,0.010352742,0.003929701,0.007271721,0.0094176,0.010479363,0.003616358,0.004671136,0.011296167,0.001817975,0.004098175,0.006866974,0.006044383,0.005828564,0.002859748,0.001000934,0.005259705,0.011618808,0.00263929,0.005514444,0.014796878,0.005849731,0.008051876,0.003509508,0.00844504,0.004120912,0.003979584,0.005664248,4.98E-05,0.002874463,0.000566753,5.50E-05,0.0018388,0.00032872,0.001491851,0.001794758,0.000258264,0.000291126,0.000143269,0.00102346,0.001256785,0.001852776,0.00089246,0.001463217,0.002216428,0.00100574,0.000972128,0.00083679,0.000686385,0.002481117,0.000474711,0.000468099,0.001059585,0.000766381,0.004381326,0.003159173,0.000412311,0.000296419,0.000924753,0.001650711
0.004272824,0.002368735,0.010149329,0.003965573,0.006937352,0.009268569,0.010491135,0.003451941,0.004553914,0.01182626,0.001814723,0.004156844,0.006416467,0.005715071,0.005827221,0.002857442,0.00100041,0.005251703,0.011329146,0.003025298,0.005389213,0.01535464,0.005746752,0.007735952,0.003651828,0.007976149,0.004405074,0.004095741,0.006254979,5.30E-05,0.003107385,0.000567054,5.68E-05,0.001850967,0.000334513,0.001632526,0.001672126,0.000261373,0.000295666,0.000148095,0.001039903,0.001301419,0.001928664,0.000940072,0.00151091,0.002274885,0.001007633,0.000981806,0.00084074,0.000746256,0.00236959,0.000482302,0.000427794,0.000986538,0.000772178,0.004439296,0.003008633,0.000398568,0.00029718,0.00099912,0.001771169
0.00438475,0.0023507,0.010376487,0.004305327,0.007423887,0.009807277,0.010235357,0.003664364,0.004767054,0.011475905,0.001776357,0.004348897,0.007281231,0.006127945,0.006123226,0.002954748,0.001063636,0.005352445,0.012031306,0.003136973,0.005614422,0.014713268,0.0061352,0.008183861,0.003689442,0.008489769,0.004544448,0.004264422,0.006294825,5.32E-05,0.002951552,0.000555557,5.88E-05,0.001834243,0.000346561,0.001537727,0.001820198,0.000269602,0.000302756,0.000153141,0.001041954,0.001302329,0.001853065,0.000926662,0.001526037,0.002351491,0.001044532,0.001024212,0.000850356,0.000768827,0.002387523,0.000479042,0.000470192,0.00100481,0.000785227,0.004606651,0.003100792,0.000400212,0.000303026,0.001039425,0.001948216
0.00459506,0.002391708,0.010884952,0.004018773,0.007012985,0.009684036,0.010076394,0.003610815,0.004801009,0.010918009,0.001739628,0.004541558,0.006852817,0.005920646,0.005704156,0.00287668,0.001032815,0.005176645,0.012014746,0.003102695,0.005303942,0.014681894,0.005722763,0.00787706,0.003802547,0.008322147,0.004277951,0.003983277,0.005808627,5.40E-05,0.003098602,0.000542323,5.45E-05,0.001738603,0.000332097,0.001480258,0.001715068,0.000265847,0.000299052,0.000151248,0.001083923,0.001333034,0.001780987,0.000888881,0.001455495,0.002158646,0.00101549,0.00099208,0.000837086,0.000734744,0.00229087,0.000480679,0.000444891,0.00098888,0.000777967,0.004969314,0.003211916,0.000398141,0.000298833,0.000969924,0.001866727
0.004411262,0.002290897,0.010645236,0.004072412,0.007165777,0.009309476,0.010269417,0.003580763,0.004573912,0.011400078,0.001772641,0.003954314,0.007201237,0.006119602,0.006105644,0.002857913,0.001000581,0.005255637,0.011676645,0.003024354,0.005167863,0.014363225,0.005622905,0.007930842,0.003747121,0.008286964,0.004407241,0.004055684,0.005840649,5.25E-05,0.003095528,0.000540481,6.03E-05,0.001784281,0.000343413,0.001672868,0.001814585,0.000266436,0.000298322,0.000153232,0.001002268,0.001233506,0.001894032,0.00087524,0.001416152,0.00229142,0.001008783,0.000976624,0.000833419,0.000788867,0.002381534,0.000476719,0.000455211,0.000962088,0.000763797,0.004720787,0.003221976,0.000383002,0.000302282,0.001012948,0.001847282
0.004364423,0.002156765,0.011226741,0.004046834,0.006827248,0.00977721,0.01009856,0.003562691,0.004674166,0.011415148,0.001751298,0.004188823,0.007021984,0.005978712,0.006290757,0.002948175,0.001043616,0.005458417,0.011545261,0.002897871,0.005335296,0.014899286,0.005651734,0.007996758,0.003690841,0.008415683,0.004347097,0.004219811,0.006042575,5.45E-05,0.003223654,0.000559662,5.93E-05,0.001885741,0.00034607,0.001550968,0.00172034,0.000267432,0.000300118,0.000151207,0.001069607,0.001294861,0.001959052,0.00091229,0.001561464,0.00240946,0.001037898,0.001009808,0.000867603,0.000725978,0.002327507,0.000487117,0.000459943,0.001014042,0.000776374,0.004585326,0.003181703,0.000413492,0.000300235,0.000934473,0.001992315
0.004243301,0.002320912,0.010388711,0.003914591,0.007245942,0.009176799,0.010370655,0.003486946,0.004699228,0.011462673,0.001786869,0.004225255,0.006751853,0.005948788,0.006069316,0.002914696,0.001012616,0.005263705,0.01158101,0.002855299,0.005454906,0.014917051,0.005689585,0.008072591,0.003781267,0.008584413,0.004405752,0.004077223,0.00608799,5.67E-05,0.003158113,0.000573702,5.83E-05,0.001929952,0.000339564,0.00155361,0.001845298,0.000271802,0.000305698,0.000153486,0.001073067,0.001342097,0.00176235,0.000967555,0.001665519,0.002398192,0.001022709,0.000999491,0.000841948,0.000761711,0.002319131,0.000492799,0.000485794,0.000992656,0.000794696,0.004871829,0.003278668,0.000413921,0.000303575,0.000909035,0.001846083
0.004403091,0.002360164,0.01058711,0.003996534,0.007454141,0.009281908,0.010422982,0.003651994,0.004522833,0.011438092,0.001859547,0.004013771,0.007354985,0.006029545,0.006129001,0.002935449,0.001024439,0.005407122,0.011511394,0.002938967,0.005437556,0.014661904,0.005896996,0.008064335,0.003740777,0.008446812,0.004330314,0.004083839,0.005864751,5.45E-05,0.003219795,0.000548196,5.99E-05,0.00181201,0.000343279,0.001643088,0.001835709,0.00026421,0.000297791,0.000148822,0.00106332,0.001295343,0.001951981,0.000933817,0.001554257,0.002216978,0.00102142,0.000998419,0.00085104,0.000732158,0.002292337,0.000482839,0.000484704,0.001061119,0.000779258,0.00464962,0.003299486,0.00039166,0.00029299,0.000954797,0.001637312
0.004561489,0.002493325,0.01077838,0.004092787,0.007210404,0.009399678,0.010280373,0.00362971,0.004745813,0.011480945,0.001862931,0.004358043,0.007126938,0.00621285,0.006068103,0.002910664,0.001040841,0.00529332,0.011346071,0.002885411,0.005542116,0.015616684,0.005968497,0.008310886,0.003622389,0.008780699,0.004340666,0.004239122,0.006227742,5.28E-05,0.002970382,0.000574629,5.86E-05,0.001796947,0.000345618,0.001529426,0.001803092,0.000267732,0.000301357,0.000150278,0.001080291,0.001329827,0.001809138,0.000859074,0.001431771,0.002244144,0.001020878,0.000991675,0.000849385,0.000767039,0.002228288,0.000482781,0.000453632,0.000993066,0.000788154,0.004793033,0.003355356,0.000409933,0.000310255,0.000973223,0.001857455
0.004428455,0.002292492,0.01007881,0.003866113,0.007144468,0.009172038,0.010881685,0.003597051,0.004530397,0.011483895,0.001809021,0.004059765,0.006665501,0.00595735,0.005679476,0.002926219,0.001018376,0.005412436,0.011782397,0.003165311,0.005529858,0.015173052,0.005872111,0.008121005,0.00364663,0.008363851,0.004379369,0.004004613,0.006010371,5.44E-05,0.002990859,0.000528545,5.78E-05,0.001776933,0.000348519,0.00153764,0.001751959,0.000270045,0.000301889,0.000153088,0.001072757,0.001297579,0.00181268,0.000915776,0.001468931,0.002274979,0.001027511,0.001001505,0.000843684,0.000763392,0.002534916,0.000487114,0.000484245,0.001015604,0.000787299,0.004875085,0.003306719,0.000413887,0.000299169,0.000836172,0.001685005
0.004153774,0.002224515,0.010225568,0.004136534,0.00709759,0.009658094,0.010612756,0.003772347,0.004311919,0.012351981,0.001857371,0.004240938,0.006869957,0.006080758,0.005845963,0.002876036,0.001031101,0.005201464,0.011644428,0.003360048,0.005160948,0.014574977,0.005692886,0.008061666,0.004109069,0.00835238,0.004291583,0.004041724,0.006222382,5.37E-05,0.003134719,0.000561921,5.98E-05,0.001796116,0.000340063,0.001595659,0.001775538,0.000260903,0.000296827,0.000144782,0.001033493,0.001283779,0.001856375,0.000865246,0.001453331,0.002367625,0.001021314,0.000989101,0.000837528,0.00077576,0.00242377,0.000487426,0.000449031,0.001017193,0.000781452,0.004620192,0.003118333,0.000409168,0.000299771,0.001008509,0.001760879
0.004312489,0.002190136,0.010336067,0.003858044,0.006914868,0.009101142,0.010354091,0.003708074,0.004532666,0.011662948,0.001808065,0.004107594,0.00696887,0.005829313,0.005904504,0.002808977,0.000986166,0.005135144,0.011685205,0.002957982,0.005225682,0.014634813,0.00557839,0.007812226,0.003596491,0.008036268,0.004204704,0.004012039,0.005763235,5.23E-05,0.003028072,0.000543538,5.56E-05,0.001775173,0.00033518,0.001662968,0.001803397,0.000253848,0.000287935,0.000140979,0.000982185,0.00122148,0.001763489,0.000838889,0.001373059,0.002305729,0.00099698,0.000976633,0.000824208,0.000711178,0.002173896,0.000467342,0.000436789,0.000960815,0.000762588,0.004549656,0.002981896,0.000388947,0.000286534,0.000874727,0.001694998
0.004385265,0.002367173,0.010517478,0.004118528,0.007238005,0.00945255,0.01048408,0.003894285,0.00441662,0.011900213,0.001878641,0.004124659,0.007117876,0.005942919,0.00582911,0.00295811,0.001028285,0.005369388,0.011722808,0.003129519,0.005237577,0.015216915,0.005541381,0.007828832,0.003667617,0.008423957,0.004472022,0.004199061,0.00611932,5.18E-05,0.002930973,0.000557304,5.62E-05,0.001870496,0.000345978,0.00156413,0.001798022,0.000259488,0.00029447,0.00014462,0.001045333,0.001278029,0.001886159,0.000939554,0.001545512,0.002390789,0.000985627,0.000966682,0.000818674,0.000759708,0.002361115,0.000467145,0.000440247,0.00104658,0.000756119,0.004545227,0.003033116,0.000399004,0.000297749,0.000930862,0.001814306
0.004369505,0.002292408,0.010263929,0.004334129,0.007527628,0.009642902,0.010820643,0.003823787,0.004901257,0.012279871,0.001824679,0.004473425,0.006977715,0.006196938,0.005960152,0.002888159,0.001024823,0.00526246,0.011539602,0.003068261,0.005406287,0.015376963,0.005837103,0.008157404,0.00380251,0.008487944,0.004410681,0.004055755,0.006445982,5.60E-05,0.003091204,0.000544639,5.89E-05,0.001798448,0.000340061,0.001573402,0.001816484,0.000271073,0.000305548,0.000152661,0.001044279,0.001311625,0.001682303,0.000875457,0.001443575,0.002279544,0.001028717,0.001010579,0.000846834,0.000777464,0.002251619,0.000491847,0.000444343,0.000943697,0.000785642,0.004556904,0.003141202,0.000413439,0.000308107,0.00097672,0.001716957
0.004427302,0.002370458,0.010368144,0.00385046,0.007057652,0.008930174,0.010226699,0.003593501,0.004608135,0.010995167,0.001768733,0.003859379,0.007039477,0.005843727,0.006005474,0.002858532,0.001017046,0.005214214,0.011791918,0.002781346,0.00552468,0.014950894,0.005897677,0.007962525,0.003649296,0.008200584,0.004205487,0.00399858,0.005919461,5.40E-05,0.003117607,0.00052615,5.93E-05,0.001757641,0.000348327,0.001641808,0.001874808,0.000264796,0.000298985,0.000148894,0.001045638,0.001286152,0.00178775,0.000898493,0.001410646,0.002254402,0.001026539,0.000994164,0.000846363,0.000734079,0.002372451,0.00048048,0.000478033,0.000944385,0.000779158,0.004718002,0.003311272,0.000395608,0.00030813,0.001024359,0.001844067
0.004480502,0.002390928,0.010332769,0.00414749,0.007125422,0.009563732,0.010725378,0.003632093,0.004702551,0.011730539,0.001832848,0.004195088,0.006976437,0.006112158,0.006052429,0.002969298,0.001061586,0.005355763,0.011828181,0.002895409,0.005507992,0.014858529,0.006054734,0.00832505,0.003736729,0.008659044,0.004392844,0.004246855,0.005790716,5.57E-05,0.003076434,0.000538663,6.13E-05,0.001823674,0.000352153,0.001519625,0.001619023,0.000274153,0.000307084,0.000155288,0.001072256,0.001321228,0.001803944,0.000949525,0.001522922,0.002282626,0.001053412,0.001025192,0.000864913,0.000750456,0.002368026,0.000488054,0.00047764,0.001016182,0.000786531,0.004524836,0.003065969,0.000410853,0.000307283,0.001007497,0.001854323
0.00432372,0.002226894,0.010645755,0.004062757,0.007559251,0.009368829,0.010732184,0.003658311,0.004554735,0.012003548,0.001817126,0.004295438,0.006989568,0.005838341,0.006275231,0.002895726,0.001006779,0.005316665,0.012026405,0.003288795,0.005395271,0.014309254,0.005954374,0.007914816,0.003814524,0.008267584,0.004239733,0.003992392,0.005817798,5.28E-05,0.003056361,0.000550077,5.27E-05,0.001771406,0.000317852,0.001643959,0.00170232,0.000259636,0.000292367,0.000145807,0.001048659,0.00126235,0.001997051,0.000992393,0.00157054,0.002361337,0.001000944,0.000970984,0.000828673,0.000732421,0.00248642,0.000484444,0.000450808,0.001014756,0.000774577,0.004638427,0.003224988,0.000396104,0.00029522,0.00093508,0.001772049
0.004452332,0.002303137,0.010428299,0.003923035,0.007039674,0.009742843,0.010542811,0.003599363,0.004839779,0.011759726,0.001794932,0.004157049,0.006970129,0.00598775,0.006186415,0.00288087,0.001020742,0.005264289,0.011988653,0.002743762,0.005421221,0.015231726,0.005710797,0.00817084,0.003742674,0.008415209,0.004529495,0.004314527,0.005959796,5.34E-05,0.002974406,0.000550179,5.81E-05,0.001799162,0.000342904,0.001446503,0.001740923,0.000261287,0.000294525,0.000145828,0.001063004,0.001330048,0.001759704,0.000858245,0.001382633,0.002241134,0.001005011,0.000987157,0.000833372,0.000759105,0.002254848,0.000478273,0.000431111,0.000970161,0.000768994,0.004950429,0.0030506,0.000407756,0.000302338,0.000962645,0.001739301
0.004599604,0.002358714,0.010958953,0.004084541,0.007229981,0.009694566,0.010770825,0.003737905,0.004659225,0.011642521,0.00192474,0.004228597,0.006847986,0.00609124,0.005822353,0.002982785,0.001043084,0.00539767,0.012175063,0.003073248,0.005364854,0.01524393,0.005894978,0.008214338,0.003807789,0.008594733,0.004604519,0.004304506,0.005894877,5.42E-05,0.003017918,0.000533447,5.89E-05,0.001858284,0.000343185,0.001576902,0.001828533,0.000269683,0.000302713,0.000153054,0.00106489,0.001299778,0.001846601,0.000980882,0.001641371,0.00218471,0.001016028,0.000994422,0.000843248,0.000830784,0.002442811,0.000496848,0.000500318,0.00102616,0.000787576,0.004637501,0.003228459,0.000415818,0.0003077,0.000995577,0.00174194
0.004228927,0.002374347,0.010476389,0.003948607,0.007455266,0.009570657,0.010725933,0.003714979,0.004870594,0.011851232,0.001879953,0.004474269,0.007352056,0.006202978,0.00606873,0.002916125,0.001030137,0.005250578,0.011797208,0.003087712,0.005221407,0.01454855,0.005600991,0.008052459,0.003919645,0.008341678,0.004385492,0.004139899,0.006085496,5.39E-05,0.002963336,0.000570247,6.00E-05,0.001822287,0.000335081,0.001623089,0.001814322,0.000265893,0.000298484,0.00015013,0.001032757,0.001263671,0.001536045,0.000896965,0.001511667,0.002150684,0.001021617,0.000992195,0.000839367,0.000769263,0.002423859,0.000483537,0.000489505,0.0010204,0.00078539,0.004942344,0.003305023,0.00041913,0.000303761,0.000904831,0.001741871
0.004335329,0.00222786,0.010676264,0.003986306,0.007187311,0.009208257,0.010507189,0.003739306,0.004435467,0.011541357,0.001744136,0.0040959,0.006833472,0.005738563,0.006199826,0.002871257,0.001012311,0.005309829,0.011633976,0.003088576,0.00523752,0.015079474,0.005682393,0.007969357,0.003850375,0.008273299,0.004271875,0.004107594,0.006022779,5.30E-05,0.003099644,0.00052665,5.74E-05,0.001844172,0.000324275,0.001511197,0.001623554,0.000258521,0.000292284,0.000144808,0.00100672,0.001236005,0.001848634,0.000893896,0.001432895,0.002359927,0.000998672,0.000975212,0.0008258,0.000694183,0.002363158,0.000469243,0.000462776,0.001027391,0.000769324,0.004682244,0.003098145,0.000387285,0.000292342,0.001092623,0.001628685
0.004323467,0.00240165,0.010406056,0.003952739,0.007376744,0.009575503,0.010411214,0.003665133,0.004710831,0.012077019,0.001819817,0.00439288,0.007000143,0.005987274,0.005956747,0.002907141,0.001025962,0.005342422,0.011672145,0.002971418,0.005404768,0.01480137,0.005777788,0.0080989,0.003692488,0.008469625,0.004224476,0.003948538,0.005856964,5.23E-05,0.003101071,0.00054962,6.04E-05,0.001813418,0.00034772,0.001563282,0.001710779,0.000262192,0.000295565,0.000145464,0.001052998,0.001285801,0.001730918,0.000933447,0.001540578,0.002257804,0.000999147,0.000973887,0.00082378,0.000681111,0.002192042,0.000470229,0.000462472,0.001080632,0.000764644,0.004787861,0.003295827,0.00040208,0.000302354,0.000974911,0.001714571
0.004575918,0.002399407,0.010524761,0.004218142,0.00750982,0.009948495,0.01082758,0.003840845,0.00503621,0.011774199,0.001924411,0.004458777,0.006956472,0.00622665,0.005897155,0.002988379,0.001062006,0.005471928,0.011985639,0.00315792,0.005723593,0.015992481,0.006027378,0.00821456,0.004146673,0.00864502,0.004449041,0.004242701,0.006011785,5.54E-05,0.003104475,0.000539378,6.10E-05,0.001846853,0.000349131,0.001647335,0.001970969,0.000271912,0.000306278,0.000156511,0.001082872,0.001328955,0.002039264,0.000910358,0.001605117,0.002406635,0.001040997,0.001006361,0.000860537,0.000778438,0.002418115,0.000488774,0.000502272,0.001081458,0.000801824,0.004863911,0.003322036,0.000421336,0.000308821,0.001126071,0.001738848
0.004398641,0.002308694,0.010382975,0.003907749,0.007223738,0.009496654,0.010245272,0.003584541,0.004709791,0.011233135,0.001727595,0.004311327,0.006934389,0.006360157,0.005744945,0.002877318,0.001021918,0.005165366,0.011554632,0.002744782,0.005513652,0.014857697,0.005824062,0.007821064,0.003546811,0.008258203,0.004292227,0.004047333,0.00578544,5.29E-05,0.003139189,0.000557751,5.84E-05,0.00182208,0.000338339,0.001586695,0.001807158,0.00026381,0.000297276,0.000147904,0.001015357,0.001265808,0.001863138,0.000892094,0.001473365,0.00231889,0.001015745,0.000996362,0.000837283,0.000723508,0.002282123,0.0004811,0.000430356,0.000982418,0.000785064,0.0047235,0.0032018,0.000398596,0.000303995,0.001044953,0.001730481
0.004323835,0.002417993,0.01042607,0.004050121,0.007368319,0.009430025,0.01030616,0.003680334,0.004800486,0.011548433,0.001811531,0.004160156,0.006595053,0.006000309,0.005526417,0.002913821,0.001031837,0.005239401,0.011622326,0.002978722,0.005251807,0.014414473,0.005807457,0.008107329,0.003750856,0.008527835,0.004396147,0.004119995,0.006040876,5.29E-05,0.003053155,0.000563329,5.74E-05,0.001752342,0.00033494,0.001484777,0.001864714,0.000259939,0.000293418,0.000144937,0.001054274,0.001262025,0.001676328,0.000853965,0.001430096,0.002401254,0.001003458,0.000974517,0.000834497,0.000720868,0.002392228,0.000476849,0.000457601,0.001047605,0.000785724,0.004902083,0.003457013,0.000400693,0.000295657,0.001019076,0.001844957
0.004404815,0.002384302,0.010301098,0.004168273,0.007267337,0.009614156,0.010602851,0.003667297,0.004961858,0.011405978,0.001856705,0.00415179,0.007467214,0.006350823,0.005977573,0.002974323,0.001044997,0.005432904,0.011611981,0.002870058,0.005327285,0.014684803,0.005814165,0.008177169,0.00353345,0.008348963,0.004431021,0.004109692,0.005712797,5.61E-05,0.003198142,0.000549913,5.77E-05,0.001831008,0.000356,0.001503752,0.00174189,0.000274651,0.000308306,0.000155255,0.001037731,0.001290392,0.00173446,0.000868248,0.001460218,0.002283406,0.00104219,0.001023541,0.000879891,0.000738425,0.002276597,0.000500542,0.000469192,0.000988124,0.00079015,0.004704179,0.003198469,0.0004092,0.000308129,0.001120743,0.001948833
0.004391544,0.002256287,0.009789838,0.004165967,0.007150309,0.00976232,0.011198006,0.003665996,0.004652171,0.012345724,0.001835277,0.00408413,0.006813172,0.005949278,0.005685521,0.002894593,0.001012874,0.005277835,0.011596036,0.002919501,0.005634644,0.015668108,0.005939726,0.008083555,0.003486928,0.008343499,0.004312733,0.004032364,0.006084889,5.49E-05,0.003086543,0.000539955,5.74E-05,0.001919552,0.000335567,0.001482609,0.001729333,0.000265905,0.000300704,0.00015088,0.000993586,0.001248679,0.001703166,0.000920204,0.001470921,0.002203078,0.001017563,0.000981001,0.000845338,0.000791801,0.002491648,0.000488547,0.0004927,0.001035315,0.000783121,0.004631482,0.003221654,0.000410218,0.000301251,0.000971369,0.001885335
0.004592761,0.002274518,0.010842495,0.004063074,0.007186285,0.009442842,0.010353197,0.003764126,0.004466758,0.011557482,0.001904854,0.003915502,0.007219116,0.005970512,0.006286906,0.002922503,0.001027422,0.005370295,0.011144126,0.002803377,0.005363039,0.014668136,0.00571659,0.008042743,0.003593943,0.008285772,0.004555127,0.004187667,0.005903038,5.47E-05,0.003097785,0.00052093,5.74E-05,0.001917312,0.000338243,0.001572544,0.001829403,0.000265371,0.000297827,0.000149323,0.001013366,0.001229437,0.001852248,0.000875194,0.001496298,0.002298529,0.001012931,0.000996013,0.000841207,0.000746495,0.002190516,0.000484115,0.000478506,0.001062431,0.000768595,0.004622406,0.003262378,0.000391059,0.000301932,0.000941993,0.001685509
0.004625038,0.002546352,0.010433183,0.003971273,0.0074878,0.008898649,0.009993633,0.003696454,0.004695569,0.011101333,0.001867296,0.003909913,0.006938707,0.005950884,0.005935194,0.002913677,0.001018701,0.005396184,0.01160327,0.002812998,0.005480975,0.015537561,0.005760219,0.007859717,0.003739894,0.008223185,0.004368639,0.004071866,0.005891281,5.26E-05,0.002982313,0.000564571,5.93E-05,0.001840169,0.000344944,0.00163148,0.00174966,0.000264399,0.000298206,0.0001491,0.001034565,0.001294185,0.001892051,0.000901326,0.001497618,0.002327718,0.001023684,0.000992704,0.000841039,0.000740377,0.002435418,0.000471123,0.000486256,0.001035271,0.000754824,0.004398334,0.0032178,0.000410372,0.000298158,0.001008066,0.001821177
0.004343206,0.002279732,0.010861991,0.00385219,0.007315738,0.009224675,0.010283516,0.003703678,0.004536044,0.011326141,0.001759209,0.004062322,0.007405704,0.006364163,0.005843103,0.002894477,0.001042959,0.005216553,0.012005942,0.003036602,0.005455777,0.01530604,0.005903686,0.007838382,0.003584468,0.008383205,0.004290483,0.00410405,0.005972673,5.30E-05,0.003080559,0.000552886,6.20E-05,0.001839843,0.000332285,0.00155404,0.001847948,0.000256456,0.00029157,0.000143996,0.001052749,0.001299523,0.001858312,0.000898614,0.001483734,0.002180366,0.000993978,0.000975975,0.00081709,0.000737742,0.002410804,0.000475816,0.000441803,0.000991302,0.000761137,0.004724896,0.002994369,0.00040503,0.000294051,0.000934801,0.001728443
0.004382254,0.002284199,0.010350003,0.003945556,0.007072708,0.009390535,0.010851457,0.00362123,0.004796667,0.011855134,0.001840133,0.004244803,0.006949189,0.006049783,0.005929705,0.002952934,0.001038294,0.005394254,0.011703403,0.003241071,0.005194522,0.014690806,0.005587924,0.008140989,0.00397241,0.008604689,0.004282832,0.003862426,0.005626155,5.34E-05,0.003040853,0.000552815,6.27E-05,0.001905319,0.000345612,0.001610174,0.001792186,0.000266499,0.000301776,0.000150789,0.001052126,0.001292684,0.001830999,0.000888028,0.001519221,0.002368083,0.00102151,0.000987028,0.000851451,0.000725978,0.002277935,0.000481414,0.000492445,0.001035816,0.000780103,0.00470095,0.003274736,0.000400995,0.000301026,0.001022054,0.00179838
0.004428664,0.002320384,0.01060142,0.003792979,0.007207245,0.009403047,0.010396331,0.00366927,0.004637393,0.011316093,0.001822306,0.004112815,0.006801382,0.006039088,0.005984599,0.002908389,0.001024694,0.005305681,0.012325369,0.003042292,0.005120725,0.014451462,0.005562674,0.007984792,0.003679355,0.008242821,0.004426174,0.004176669,0.006074256,5.41E-05,0.003206135,0.000539885,5.76E-05,0.001876459,0.000332086,0.00159908,0.001811464,0.000265684,0.000299367,0.00015067,0.001009818,0.001251176,0.001762207,0.000918692,0.001585074,0.002300718,0.001022059,0.000989778,0.000840621,0.000745596,0.002254179,0.000486897,0.000457008,0.000985383,0.000783048,0.004456645,0.003134744,0.000388499,0.000299155,0.000998518,0.001869858
0.004333886,0.002391375,0.010504037,0.004006979,0.007059434,0.009596478,0.010647594,0.003608298,0.004399147,0.011537595,0.00180463,0.004325424,0.006629768,0.005958329,0.00612239,0.00300759,0.001052618,0.005514679,0.011444489,0.002723688,0.005449312,0.015945132,0.005823507,0.008172109,0.003603386,0.008541342,0.004245002,0.004175997,0.005932454,5.38E-05,0.00315523,0.000518123,6.30E-05,0.001932995,0.000369725,0.001565974,0.001924949,0.000268069,0.000302794,0.000150197,0.001059864,0.001280559,0.001952608,0.000928374,0.001587143,0.002436802,0.001038879,0.001010219,0.000851814,0.000714404,0.002548995,0.000496056,0.000447258,0.00102086,0.000791027,0.004545347,0.003169889,0.000410359,0.000296736,0.000919107,0.001742787
0.004634082,0.002383918,0.010383997,0.004184865,0.007537138,0.009271688,0.01015873,0.003652289,0.004732858,0.011655644,0.00185058,0.004118634,0.007418072,0.006552348,0.006134471,0.002916077,0.001022602,0.00528803,0.0115885,0.003149142,0.005292725,0.014640908,0.005715122,0.008095362,0.003735959,0.00832867,0.004346708,0.004158696,0.005652157,5.44E-05,0.003050472,0.000561039,5.68E-05,0.001892974,0.000346381,0.001623489,0.002039956,0.000269027,0.000303414,0.000150485,0.001035822,0.001289473,0.001863365,0.000886356,0.001481177,0.002277509,0.001017704,0.000995892,0.000848318,0.000821271,0.002492186,0.000485586,0.000476408,0.001043275,0.000788917,0.004522236,0.003179416,0.000422281,0.000309504,0.000952338,0.001768457
0.004513591,0.002392734,0.010237402,0.004169818,0.007335971,0.009675193,0.010309939,0.003827486,0.004720946,0.011522229,0.001875507,0.00422502,0.007492277,0.006501323,0.00609583,0.002948774,0.001032641,0.005372584,0.011684815,0.002773909,0.005489149,0.014983366,0.005889847,0.008251351,0.003726127,0.008476651,0.004310259,0.004031885,0.005822017,5.47E-05,0.003104072,0.000566218,5.85E-05,0.001831671,0.000345334,0.001566775,0.001865421,0.00027109,0.000303776,0.000155076,0.001048445,0.001304389,0.001897864,0.000917457,0.001511845,0.002376373,0.00101927,0.000993208,0.000853616,0.000749744,0.00254947,0.000492306,0.000459481,0.00103121,0.000789009,0.004661327,0.003304539,0.000399468,0.000311665,0.000918682,0.001871701
0.004529453,0.00251271,0.010629607,0.004036446,0.00733452,0.009633179,0.010250379,0.003723406,0.004711118,0.011559681,0.001818076,0.004164584,0.007088699,0.005984275,0.006094167,0.002919528,0.00102905,0.005310104,0.011484078,0.002969454,0.005393678,0.015633261,0.005727857,0.008122557,0.003719125,0.008533986,0.004438262,0.004249348,0.005972136,5.24E-05,0.003171357,0.00056158,5.88E-05,0.001748074,0.000350424,0.001595525,0.001880008,0.000263814,0.000295237,0.000147805,0.001028776,0.001265443,0.001842154,0.000944064,0.001512492,0.002270506,0.001015996,0.000990649,0.000833676,0.000753333,0.002364226,0.000477496,0.000465556,0.001042717,0.000778919,0.004556459,0.00320248,0.000395955,0.000292653,0.001041493,0.001838052
0.004513726,0.002379436,0.010820923,0.004016117,0.007586987,0.00901099,0.009912455,0.00377294,0.004398863,0.011200323,0.001859978,0.003907031,0.006988864,0.006101438,0.005707859,0.002910472,0.001015764,0.005360505,0.012078475,0.00321039,0.005356095,0.014792638,0.005729686,0.008004711,0.003557818,0.00822676,0.004145976,0.004002599,0.005909031,5.20E-05,0.00317054,0.000526239,5.38E-05,0.001774727,0.000355815,0.001583639,0.001869418,0.000260991,0.000293687,0.000146604,0.001011722,0.001244731,0.001878199,0.00092785,0.001572888,0.002285589,0.00100255,0.000977059,0.000830636,0.000731614,0.002283618,0.000471153,0.000464215,0.000969608,0.000764681,0.004629604,0.003260753,0.000396928,0.000289412,0.000950493,0.001744916
0.004376156,0.002303129,0.010352601,0.003834223,0.006817185,0.009105898,0.009859135,0.003514813,0.004722664,0.010434719,0.001726371,0.004152461,0.007072273,0.006134335,0.005996979,0.002845467,0.001004742,0.005229061,0.011460196,0.002979576,0.005358205,0.015014685,0.005628633,0.007725872,0.003596043,0.008092678,0.004203238,0.003982152,0.006051194,5.34E-05,0.003061711,0.000552437,5.78E-05,0.001811106,0.000328228,0.001467008,0.001816999,0.000260691,0.000293289,0.000147595,0.001040655,0.001265851,0.00181466,0.00091663,0.001561666,0.002217836,0.000994198,0.000966011,0.000818521,0.000758198,0.002389573,0.00047796,0.000440119,0.000981986,0.000763036,0.00504496,0.003064384,0.000381838,0.000290649,0.000957395,0.001817026
0.004528525,0.002481003,0.010338309,0.004022049,0.007277977,0.009347575,0.010615243,0.003800542,0.004357325,0.011609541,0.001871646,0.00405327,0.006966474,0.005983538,0.00587261,0.002853919,0.001016677,0.005198762,0.011611419,0.002946862,0.0053153,0.014329354,0.005705588,0.008081096,0.003766665,0.008287807,0.00432216,0.004012558,0.005634614,5.46E-05,0.003072865,0.000548391,5.86E-05,0.001866522,0.000350347,0.001607147,0.001735706,0.000262158,0.000296639,0.000147435,0.001043878,0.001315608,0.001731763,0.000905852,0.001504221,0.002125725,0.001013527,0.000989974,0.000832234,0.00073331,0.002285367,0.000466878,0.000471677,0.000976897,0.000772214,0.004665386,0.00307518,0.000383889,0.000299555,0.001005465,0.001797642
0.004420963,0.002351351,0.010817766,0.004259172,0.007518466,0.009205107,0.010739249,0.00387099,0.004731146,0.011835664,0.001974621,0.004313216,0.007450808,0.006367777,0.006015562,0.002974444,0.001051324,0.005504506,0.011758255,0.002850378,0.00573764,0.014947044,0.006239271,0.008047038,0.00357514,0.008387802,0.004317772,0.004054919,0.005882388,5.49E-05,0.003079441,0.000550355,5.83E-05,0.001894436,0.000343144,0.00146777,0.001814215,0.000269045,0.000302408,0.000153481,0.001069402,0.001308846,0.001737027,0.000891298,0.001463706,0.002459846,0.001031904,0.001011999,0.000860556,0.000779015,0.00244297,0.000499475,0.000463609,0.001074613,0.000787018,0.00450623,0.003328129,0.00042041,0.000310069,0.000986059,0.001843726
0.004413876,0.002404346,0.010593084,0.003978011,0.007093287,0.009246252,0.010415752,0.00364182,0.004460802,0.011146032,0.001792794,0.004179416,0.00716405,0.005981916,0.00590141,0.002902286,0.00102175,0.005385779,0.011894071,0.003359331,0.00514127,0.014981895,0.005420564,0.007624208,0.003661805,0.008022478,0.00413961,0.003875319,0.005740282,5.40E-05,0.00326499,0.000527827,6.11E-05,0.001876913,0.000331317,0.001629074,0.001721091,0.000261923,0.000294107,0.000150434,0.001028379,0.001251737,0.0016937,0.000834649,0.001391123,0.002188801,0.00101611,0.000978587,0.000823644,0.000725301,0.002235092,0.000470252,0.00045602,0.001019239,0.000763483,0.004557782,0.003221407,0.00040663,0.000296718,0.000996022,0.001790735
0.004204783,0.002133382,0.009826134,0.00388929,0.00725875,0.009559573,0.010221638,0.003627781,0.004838474,0.011562634,0.001775212,0.004219093,0.00660898,0.006007805,0.006004473,0.002810788,0.000994904,0.005102588,0.011307017,0.002910083,0.005229454,0.014052272,0.005682148,0.00786676,0.003653698,0.008147791,0.004098835,0.003869571,0.005606666,5.38E-05,0.003030748,0.000522341,6.11E-05,0.001779999,0.000344016,0.001664838,0.001861781,0.00026325,0.000296755,0.000148773,0.001001891,0.001251224,0.001782473,0.000887834,0.001420862,0.002255125,0.00100762,0.000978862,0.000828713,0.000756555,0.002203,0.000481452,0.000445744,0.000980389,0.000770216,0.004621089,0.003266456,0.000399991,0.000295085,0.000822883,0.001605519
0.004307389,0.002365968,0.009973712,0.003934317,0.007266561,0.009123025,0.009819136,0.003685893,0.00467109,0.0111347,0.001891228,0.003930386,0.007033007,0.005925827,0.005956633,0.002837068,0.001000536,0.005177589,0.011623432,0.002829328,0.005398738,0.015849604,0.005547152,0.007845037,0.003784742,0.008183435,0.004307646,0.004196157,0.005724551,5.27E-05,0.002939972,0.000553986,5.78E-05,0.001913594,0.000334307,0.001802314,0.00182703,0.000261476,0.000293467,0.000148154,0.001020662,0.001241201,0.001808267,0.00086557,0.001399032,0.002218826,0.001001175,0.000987531,0.000829258,0.000761097,0.00248992,0.000489355,0.000471373,0.00098383,0.000764702,0.004599025,0.003272458,0.000402206,0.000297078,0.000903961,0.001846316
0.004395169,0.002325164,0.010405294,0.003955485,0.007319406,0.009801418,0.009967139,0.003723549,0.004762617,0.01115841,0.001821891,0.004197322,0.007179797,0.00610206,0.006128739,0.002868862,0.00100982,0.005143852,0.011767915,0.003031071,0.005658711,0.015445821,0.005963517,0.008002305,0.003749384,0.008402866,0.004455641,0.00418517,0.0060127,5.30E-05,0.002986224,0.000560773,5.82E-05,0.001875865,0.000319384,0.001503504,0.001776889,0.000263313,0.000295764,0.000148379,0.001023254,0.001261766,0.001781218,0.000915486,0.001465988,0.002147659,0.000989234,0.000964872,0.00083311,0.000731987,0.002323152,0.000475312,0.000436662,0.001009081,0.000771004,0.004602759,0.003054539,0.000394489,0.000301211,0.000866767,0.001782902
0.004495596,0.002369016,0.010978299,0.004102111,0.007276208,0.009622685,0.011176519,0.003860282,0.004546235,0.01207954,0.001826651,0.004280321,0.007095587,0.006048253,0.006156955,0.002918247,0.001027787,0.005385777,0.011169278,0.003144468,0.005416684,0.015261947,0.005798436,0.008149166,0.003859594,0.008345795,0.004240185,0.004092294,0.005908756,5.18E-05,0.002977086,0.000533428,6.06E-05,0.001812855,0.000354184,0.001691006,0.001826593,0.000263304,0.000295622,0.000147722,0.001025255,0.001270912,0.001762431,0.000936488,0.001454345,0.002249075,0.001013021,0.000983135,0.000840081,0.00074225,0.00225226,0.000484267,0.000438853,0.00104211,0.000773332,0.004549448,0.003014229,0.000389413,0.000293307,0.000960257,0.001727278
0.004413427,0.002489253,0.010107554,0.004083682,0.007366601,0.009556937,0.010733682,0.003644779,0.004742565,0.011699746,0.00175418,0.004303545,0.006986807,0.006127145,0.005870873,0.002904163,0.00103484,0.005223671,0.011531178,0.003159359,0.005263859,0.015465411,0.005673972,0.008112567,0.003776483,0.008535468,0.004424445,0.004268423,0.006042909,5.38E-05,0.003125648,0.000561597,5.66E-05,0.001939872,0.000339526,0.001514565,0.001688989,0.000266287,0.000299604,0.000150336,0.001038056,0.00128035,0.001817268,0.000921129,0.001467211,0.002318992,0.001022556,0.00099982,0.000857112,0.000772973,0.00235603,0.000486845,0.000458434,0.001042531,0.000781919,0.004933582,0.003189935,0.000415991,0.000305921,0.001079172,0.001902368
0.004405188,0.002288948,0.010678927,0.004176809,0.007273484,0.009616231,0.010286012,0.003705428,0.004793175,0.011500577,0.001866918,0.004440161,0.006751907,0.006352521,0.005690864,0.002974694,0.001060814,0.005420041,0.011743752,0.00295145,0.005253555,0.015195438,0.005660347,0.008245661,0.003681146,0.00864351,0.004368529,0.00412246,0.005767731,5.47E-05,0.003153943,0.000527214,5.90E-05,0.001843868,0.000355418,0.00170377,0.001828381,0.000269931,0.000304264,0.000153892,0.001060279,0.001297065,0.001822532,0.000915764,0.001502488,0.002230758,0.001028909,0.001010959,0.000851262,0.000741946,0.002410135,0.000485322,0.000482383,0.001012268,0.000783788,0.004723004,0.003352273,0.000408042,0.000309628,0.001025208,0.001816224
0.004322107,0.002339736,0.01007054,0.00403025,0.007083635,0.009255137,0.01039503,0.003659677,0.00470686,0.011497668,0.001823098,0.004000169,0.006899697,0.005990423,0.005936518,0.002908625,0.001038371,0.005308166,0.011641112,0.003069074,0.005461848,0.01478159,0.005792149,0.008005567,0.003694958,0.008213163,0.00435381,0.004041454,0.005999853,5.47E-05,0.003195633,0.000538371,6.05E-05,0.00179954,0.000347132,0.001535663,0.001700821,0.000267795,0.000300843,0.000151545,0.001088735,0.001319964,0.00182468,0.000865479,0.00144828,0.00229014,0.001029439,0.000994938,0.00085795,0.000801286,0.002330903,0.000485908,0.000477547,0.001012184,0.000783002,0.004753844,0.003028257,0.000399269,0.000300251,0.000959512,0.001786959
0.004603784,0.002339075,0.011124398,0.004124857,0.007512775,0.009471228,0.01121699,0.003651448,0.004643215,0.01199818,0.001860675,0.004038431,0.00707127,0.006035065,0.006178447,0.003020956,0.001042028,0.005572913,0.011717111,0.002969353,0.005541261,0.014920351,0.00586694,0.00819011,0.003721843,0.008582461,0.004359778,0.004003781,0.006141302,5.68E-05,0.003144131,0.000533763,5.83E-05,0.001791086,0.00035538,0.001477005,0.001814846,0.000273583,0.000307055,0.00015572,0.001059578,0.001295251,0.001716821,0.000954504,0.001573018,0.002359314,0.001036871,0.001009359,0.000858398,0.000762296,0.002373386,0.000492475,0.000477155,0.001034845,0.000793643,0.004632473,0.003124997,0.000417895,0.000311547,0.001025264,0.001827165
0.004428527,0.002219469,0.01033498,0.004245716,0.007525667,0.00996062,0.010220948,0.003770775,0.004747971,0.011773367,0.001807811,0.004383704,0.00650068,0.006006633,0.005717164,0.002905709,0.001021147,0.005282916,0.012332105,0.003214397,0.005562441,0.01584869,0.005777441,0.008171704,0.003953966,0.008526224,0.004610752,0.004226211,0.006445091,5.42E-05,0.003094563,0.000560665,5.98E-05,0.00183769,0.00034107,0.001591516,0.001783551,0.000269157,0.000303064,0.00015135,0.001046582,0.001266461,0.001841728,0.000922953,0.001526606,0.002417586,0.001015326,0.000989914,0.000846944,0.000825606,0.002397545,0.000491949,0.000460021,0.000963011,0.000792522,0.004435434,0.003113701,0.000408047,0.000307904,0.000960287,0.001943289
